<?xml version="1.0" encoding="UTF-8" ?>
<beans xmlns="http://www.springframework.org/schema/beans"
       xmlns:xsi="http://www.w3.org/2001/XMLSchema-instance"
       xmlns:context="http://www.springframework.org/schema/context"
       xmlns:mvc="http://www.springframework.org/schema/mvc"
       xsi:schemaLocation="http://www.springframework.org/schema/beans
    http://www.springframework.org/schema/beans/spring-beans.xsd
    http://www.springframework.org/schema/context
    http://www.springframework.org/schema/context/spring-context.xsd
    http://www.springframework.org/schema/mvc
    http://www.springframework.org/schema/mvc/spring-mvc.xsd">
    <!--开启springmvc注解，数据绑定，数字@NumberFormat
    和日期的format@DateTimeFormat，xml和json默认读写支持-->
    <mvc:annotation-driven/>
    <!--扫描web相关的bean-->
    <context:component-scan base-package="com.jxd.controller"/>
    <!--如果将DispatcherServlet请求映射配置为"/"，
    则Spring MVC将捕获Web容器所有的请求，
    包括静态资源的请求，Spring MVC会将它们当成一个普通请求处理，
    因此找不到对应处理器将导致错误。-->
    <!--DefaultServletHttpRequestHandler，
    它会像一个检查员，对进入DispatcherServlet的URL进行筛查，
    如果发现是静态资源的请求，就将该请求转由Web应用服务器默认的Servlet处理，
    如果不是静态资源的请求，才由DispatcherServlet继续处理。-->
    <mvc:default-servlet-handler/>
    <!-- 支持返回json(避免IE在ajax请求时，返回json出现下载 ) -->
    <bean class="org.springframework.web.servlet.mvc.annotation.AnnotationMethodHandlerAdapter">
        <property name="messageConverters">
            <list>
                <ref bean="mappingJacksonHttpMessageConverter"/>
            </list>
        </property>
    </bean>
    <bean id="mappingJacksonHttpMessageConverter"
          class="org.springframework.http.converter.json.MappingJackson2HttpMessageConverter">
        <property name="supportedMediaTypes">
            <list>
                <value>text/plain;charset=UTF-8</value>
                <value>application/json;charset=UTF-8</value>
            </list>
        </property>
    </bean>
    <!-- 支持返回json end -->
    <!--配置jsp的视图解析器-->
    <bean class="org.springframework.web.servlet.view.InternalResourceViewResolver">
        <property name="viewClass" value="org.springframework.web.servlet.view.JstlView"/>
        <property name="prefix" value="/WEB-INF/view/"/>
        <property name="suffix" value=".jsp"/>
    </bean>

    <!--文件上传解析器-->
    <bean id="multipartResolver" class="org.springframework.web.multipart.commons.CommonsMultipartResolver">
        <property name="defaultEncoding" value="utf-8"/>
        <property name="maxUploadSize" value="52400000"/>
    </bean>
</beans>