<?xml version="1.0" encoding="UTF-8"?>
<beans xmlns="http://www.springframework.org/schema/beans"
       xmlns:xsi="http://www.w3.org/2001/XMLSchema-instance"
       xmlns:context="http://www.springframework.org/schema/context"
       xmlns:tx="http://www.springframework.org/schema/tx"
       xsi:schemaLocation="http://www.springframework.org/schema/beans
    http://www.springframework.org/schema/beans/spring-beans.xsd
    http://www.springframework.org/schema/context
    http://www.springframework.org/schema/context/spring-context.xsd
    http://www.springframework.org/schema/tx
    http://www.springframework.org/schema/tx/spring-tx.xsd">
    <!--spring 整合mybatis-->
    <!--1 导入数据库属性文件-->
    <context:property-placeholder location="classpath:db.properties"/>
    <!-- 2.数据库连接池 -->
    <bean id="dataSource" class="com.mchange.v2.c3p0.ComboPooledDataSource">
        <!-- 配置连接池属性 -->
        <property name="driverClass" value="${jdbc.driver}"/>
        <property name="jdbcUrl" value="${jdbc.url}"/>
        <property name="user" value="${jdbc.username}"/>
        <property name="password" value="${jdbc.password}"/>
        <!-- c3p0连接池的私有属性 -->
        <property name="maxPoolSize" value="15"/>
        <property name="minPoolSize" value="3"/>
        <!-- 关闭连接后不自动commit -->
        <property name="autoCommitOnClose" value="false"/>
        <!-- 获取连接超时时间 -->
        <property name="checkoutTimeout" value="10000"/>
    </bean>
    <!--3 配置SqlSessionFactory-->
    <bean id="sqlSessionFactory" class="org.mybatis.spring.SqlSessionFactoryBean">
        <!--注入数据库连接池-->
        <property name="dataSource" ref="dataSource"/>
        <!--给实体类配置别名-->
        <property name="typeAliasesPackage" value="com.jxd.wechat.model"/>
        <!--扫描映射文件-->
        <property name="mapperLocations" value="classpath:mapper/*.xml"/>
    </bean>
    <!--4 配置自动扫描dao接口-->
    <bean class="org.mybatis.spring.mapper.MapperScannerConfigurer">
        <property name="sqlSessionFactoryBeanName" value="sqlSessionFactory"/>
        <property name="basePackage" value="com.jxd.wechat.dao"/>
    </bean>
    <!--5 配置扫描业务逻辑层的bean
          开发中：资源通过注解的方式交给spring管理
          通过这个标签，让spring去扫描某个包下的所有的类
          类上方如果有注解，那么就会被spring管理
    -->
    <context:component-scan base-package="com.jxd.wechat.service"/>
    <!--6 配置事务管理器-->
    <bean id="transactionManager" class="org.springframework.jdbc.datasource.DataSourceTransactionManager">
        <property name="dataSource" ref="dataSource"/>
    </bean>
    <tx:annotation-driven transaction-manager="transactionManager"/>
</beans>